Product Name,Designer Name,Price,Link
Bal E-Coat,Neighborhood,$816,https://store.unionlosangeles.com/products/bal-e-coat
Tactical Mod / CN-Jacket,Neighborhood,$954,https://store.unionlosangeles.com/products/tactical-mod-cn-jacket
Smock Mod / CE-Jacket,Neighborhood,$858,https://store.unionlosangeles.com/products/smock-mod-ce-jacket-1
Smock Mod / CE- Jacket,Neighborhood,$858,https://store.unionlosangeles.com/products/smock-mod-ce-jacket
Climax at 29 Western Jacket,ENFANTS RICHES DÉPRIMÉS,"$1,950",https://store.unionlosangeles.com/products/climax-at-29-western-jacket
3D-Knit Hyper Chimayo Vest,Kapital,"$1,122",https://store.unionlosangeles.com/products/3d-knit-hyper-chimayo-vest
Flannel Reversible Bandana 1st Jacket,Kapital,$646,https://store.unionlosangeles.com/products/flannel-reversible-bandana-1st-jacket
Gauze Bandana Patchwork Quilted Blouson,Kapital,$986,https://store.unionlosangeles.com/products/gauze-bandana-patchwork-quilted-blouson
Puff N-Vest,Neighborhood,$358,https://store.unionlosangeles.com/products/puff-n-vest
Plaid C-JKT,Neighborhood,$398,https://store.unionlosangeles.com/products/plaid-c-jkt
Guardian Jacket,Wtaps,$508,https://store.unionlosangeles.com/products/guardian-jacket
Guardian Jacket,Wtaps,$508,https://store.unionlosangeles.com/products/katz-hooded-sweatshirt
Check Denim Trucker Jacket,RASSVET,$405,https://store.unionlosangeles.com/products/check-denim-trucker-jacket
Party People Dickies Jacket,PARADIS3,$140,https://store.unionlosangeles.com/products/party-people-dickies-jacket
Adidas x Wales Bonner Rock Blousson,Adidas,$300,https://store.unionlosangeles.com/products/adidas-x-wales-bonner-rock-blousson
Adidas x Wales Bonner Lovers TT Jacket,Adidas,$280,https://store.unionlosangeles.com/products/adidas-x-wales-bonner-lovers-tt-jacket
Slim Fit Double Breasted Coat,Raf Simons,"$2,100",https://store.unionlosangeles.com/products/slim-fit-double-breasted-coat
Meteor Blazer,OFF-WHITE,"$3,235",https://store.unionlosangeles.com/products/meteor-blazer
Deconstructed Wool Blazer,Comme Des Garçons Homme Plus,"$1,378",https://store.unionlosangeles.com/products/deconstructed-wool-blazer
Futura Edition Blouson,Comme Des Garçons Shirt,"$1,110",https://store.unionlosangeles.com/products/futura-edition-blouson
Wacko Maria x Carhartt OG Detroit Jacket,Wacko Maria,$475,https://store.unionlosangeles.com/products/wacko-maria-og-detroit-jacket
J68-PL,Acronym,"$1,140",https://store.unionlosangeles.com/products/j68-pl-1
Camo Corduroy Utility Jacket,NOAH,$428,https://store.unionlosangeles.com/products/camo-corduroy-utility-jacket
Tweed Fleece Knit Robe Jacket,Kapital,$406,https://store.unionlosangeles.com/products/tweed-fleece-knit-robe-jacket
Filero Jacket,Second/Layer,$885,https://store.unionlosangeles.com/products/filero-jacket
Corto Down Puffer,Second/Layer,"$1,030",https://store.unionlosangeles.com/products/corto-down-puffer
Chamdo Fishtail Parka (C/NY),Visvim,"$3,630",https://store.unionlosangeles.com/products/chamdo-fishtail-parka-c-ny
Alp Poncho,Afield Out,$100,https://store.unionlosangeles.com/products/alp-poncho
Hasley Down Coat,Afield Out,$220,https://store.unionlosangeles.com/products/hasley-down-coat
Leopard Club Jacket,Pleasure,$208,https://store.unionlosangeles.com/products/leopard-club-jacket
FEAROFGODZegna Wool Double Breasted Coat,Fear of God,"$3,415",https://store.unionlosangeles.com/products/wool-double-breasted-coat
FEAROFGODZegna Cotton Blend Short Jacket,Fear of God,"$1,945",https://store.unionlosangeles.com/products/cotton-blend-short-jacket
Cashmere Blouson,JIL SANDER,"$1,062",https://store.unionlosangeles.com/products/cashmere-blouson
SMOCK / JACKET / COTTON. CORDLANE,Wtaps,$658,https://store.unionlosangeles.com/products/smock-jacket-cotton-cordlane
Zip Cord Jacket,Marni,"$1,300",https://store.unionlosangeles.com/products/zip-cord-jacket
MODULAR / JACKET / NYCO. TUSSAH,Wtaps,$698,https://store.unionlosangeles.com/products/modular-jacket-nyco-tussah-1
MODULAR / JACKET / NYCO. TUSSAH,Wtaps,$698,https://store.unionlosangeles.com/products/modular-jacket-nyco-tussah
MIL-PACK / C-VEST,Neighborhood,$508,https://store.unionlosangeles.com/products/mil-pack-c-vest-2
Ohio Summer Zip-Up Jacket,Bode,$895,https://store.unionlosangeles.com/products/ohio-summer-zip-up-jacket
Suede Trucker Jacket,Brownstone,$725,https://store.unionlosangeles.com/products/suede-trucker-jacket
Blouson (Polyester Serge),JIL SANDER,"$1,650",https://store.unionlosangeles.com/products/blouson-polyester-serge
Blouson (Fluid Rayon/Cotton Twill),JIL SANDER,"$1,950",https://store.unionlosangeles.com/products/blouson-fluid-rayon-cotton-twill
Chemical Jacket,OAMC,$875,https://store.unionlosangeles.com/products/chemical-jacket
Lithium Jacket,OAMC,"$1,508",https://store.unionlosangeles.com/products/lithium-jacket
Track Jacket,Wacko Maria,$608,https://store.unionlosangeles.com/products/track-jacket-2
Leopard Mountain Parka,Wacko Maria,$934,https://store.unionlosangeles.com/products/leopard-mountain-parka-1
Serra Liner,OAMC,$751,https://store.unionlosangeles.com/products/serra-liner-1
Worker Jacket W/ Hood,RHUDE,$618,https://store.unionlosangeles.com/products/worker-jacket-w-hood-1
Jungletime Anorak,Real Bad Man,$112,https://store.unionlosangeles.com/products/jungletime-anorak-1
Horse Trucker,RHUDE,$564,https://store.unionlosangeles.com/products/horse-trucker-1
Woven Terrain Print Parka,A-Cold-Wall*,"$1,523",https://store.unionlosangeles.com/products/woven-terrain-print-parka
Blossom Leather Jacket,NOON GOONS,$275,https://store.unionlosangeles.com/products/blossom-leather-jacket-1
Python Track Jacket,Wacko Maria,$417,https://store.unionlosangeles.com/products/python-track-jacket-1
Rib Neck Zip Up Track Jacket In Heavy Athletic Mesh,Thom Browne,$714,https://store.unionlosangeles.com/products/rib-neck-zip-up-track-jacket-i
Thumper Jacket Type III,John Elliott,$358,https://store.unionlosangeles.com/products/thumper-jacket-type-iii-4
Classic Labo Coat With 2 Lapel,Raf Simons,$490,https://store.unionlosangeles.com/products/classic-labo-coat-with-2-lapel
Guard Jacket,Nemen,$813,https://store.unionlosangeles.com/products/guard-jacket-1
Thumper Jacket Type II,John Elliott,$286,https://store.unionlosangeles.com/products/thumper-jacket-type-ii-3
Storm Jacket,A-Cold-Wall*,$429,https://store.unionlosangeles.com/products/storm-jacket-1
ELN Workwear Jacket,Loewe,$570,https://store.unionlosangeles.com/products/eln-workwear-jackets-1
Packable Hood Anorak,Bianca Chandon,$325,https://store.unionlosangeles.com/products/packable-hood-anorak
Harrier Down Vest,Visvim,"$2,860",https://store.unionlosangeles.com/products/harrier-down-vest-1
Iris Liner Vest,Visvim,"$2,116",https://store.unionlosangeles.com/products/iris-liner-vest-2
Beaded Logo Workwear Jacket,Bode,"$1,195",https://store.unionlosangeles.com/products/beaded-logo-workwear-jacket-1
Noah Tech Jacket,NOAH,$250,https://store.unionlosangeles.com/products/noah-tech-jacket-1
Iris Jacket,Visvim,"$2,087",https://store.unionlosangeles.com/products/iris-jacket-1
Denim Trucker Jacket -B- (Type-2),Wacko Maria,$445,https://store.unionlosangeles.com/products/denim-trucker-jacket-b-type
SS 101 Jacket (Damaged-1004),Visvim,"$1,111",https://store.unionlosangeles.com/products/ss-101-jacket-damaged-1006
SS 101 JKT Dry Dmgd-1000,Visvim,"$1,887",https://store.unionlosangeles.com/products/ss-101-jkt-dry-dmgd-1001
Thumper Jacket Type II,John Elliott,$298,https://store.unionlosangeles.com/products/thumper-jacket-type-ii-2
Nylon Full Zip Windbreaker,OFF-WHITE,$462,https://store.unionlosangeles.com/products/nylon-full-zip-windbreaker-1
Hybrid Track Jacket,Martine Rose,$805,https://store.unionlosangeles.com/products/hybrid-track-jacket-1
J1L-GT,Acronym,"$2,016",https://store.unionlosangeles.com/products/j1l-gt-1
Reversible BOA Fleece Jacket,Wacko Maria,$523,https://store.unionlosangeles.com/products/reversible-boa-fleece-jacket-1
Corduroy Leopard Trucker Jacket,Brain Dead,$182,https://store.unionlosangeles.com/products/corduroy-leopard-contrast-truc
Crash Velour Jacket,TOGA VIRILIS,$929,https://store.unionlosangeles.com/products/crash-velour-jacket-1
Duo-Striped Nylon Trenchcoat,Bode,"$1,750",https://store.unionlosangeles.com/products/duo-striped-nylon-trenchcoat-1
Button Silk Blend Blouson,Adapt Survive,$360,https://store.unionlosangeles.com/products/button-silk-blend-blouson-2
Rayon Western Blouson,TOGA VIRILIS,$913,https://store.unionlosangeles.com/products/rayon-western-blouson-1
SS 101 JKT DRY DMGD,Visvim,"$2,200",https://store.unionlosangeles.com/products/ss-101-jkt-dry-dmgd-1
Paintbrush Camo Field Jacket,OFF-WHITE,$514,https://store.unionlosangeles.com/products/paintbrush-camo-field-jacket-1
Equipment Fleece Jacket,OFF-WHITE,$673,https://store.unionlosangeles.com/products/equipment-fleece-jacket-1
Teba Jacket,Reception,$151,https://store.unionlosangeles.com/products/teba-jacket-2
Teba Jacket,Reception,$165,https://store.unionlosangeles.com/products/teba-jacket-1
ELN High Neck Fleece Jacket,Loewe,$474,https://store.unionlosangeles.com/products/eln-high-neck-fleece-jackets-1
Rayon Twill Ainu Mosir Kung Fu Blouson,Kapital,$781,https://store.unionlosangeles.com/products/rayon-twill-ainu-mosir-kung-fu
60/40 Cloth KUNG FU Mountain Parka,Kapital,"$1,071",https://store.unionlosangeles.com/products/60-40-cloth-kung-fu-mountain-p
Nylon Tafetta Embroidery Jacket,TOGA VIRILIS,$311,https://store.unionlosangeles.com/products/nylon-tafetta-embroidery-jacke
Round Collar Button Up Square Patch Pocket Packet In Denim,Thom Browne,"$1,134",https://store.unionlosangeles.com/products/round-collar-button-up-square
SS 101 Jacket (Damaged-1001),Visvim,"$1,144",https://store.unionlosangeles.com/products/ss-101-jacket-damaged-1004
Volume D.B. Jacket,OFF-WHITE,$768,https://store.unionlosangeles.com/products/volume-d-b-jacket-1
Track-B / E-JKT,Neighborhood,$539,https://store.unionlosangeles.com/products/track-b-e-jkt-3
Waterproof Terry Anorak,John Elliott,$358,https://store.unionlosangeles.com/products/waterproof-terry-anorak-1
Woven Chore Coat,JIL SANDER,"$1,050",https://store.unionlosangeles.com/products/woven-chore-coat-1
SS 101 Jacket DMGD,Visvim,"$1,050",https://store.unionlosangeles.com/products/ss-101-jacket-dmgd-1
Yussef Shirt Jacket,Nicholas Daley,$382,https://store.unionlosangeles.com/products/yussef-shirt-jacket-1
Club Jacket,Reception,$189,https://store.unionlosangeles.com/products/club-jacket-2
Track-B / E-JKT,Neighborhood,$539,https://store.unionlosangeles.com/products/track-b-e-jkt-2
Varsity SB JKT (Wool),Visvim,"$4,647",https://store.unionlosangeles.com/products/varsity-sb-jkt-wool-1
